study,year,location,state,elevation,region,inc_check,fungicide2,design_inc,mean_inc,mean_inc_qmr,mean_inc_sd
1,2008/2009,Montividiu,GO,921,Northern,76,AACHECK-0,2,76,86.702275,5.597618541
1,2008/2009,Montividiu,GO,921,Northern,76,DIMO+BOSC-2,2,28,86.702275,3.304037934
1,2008/2009,Montividiu,GO,921,Northern,76,FLUO-2,2,27,86.702275,7.071067812
1,2008/2009,Montividiu,GO,921,Northern,76,FLUZ-2,2,26,86.702275,6.701989754
1,2008/2009,Montividiu,GO,921,Northern,76,PROCY-2,2,40,86.702275,9.53502316
2,2008/2009,São Miguel do Passa Quatro,GO,1031,Northern,53,AACHECK-0,2,53,131.385179,6.655824517
2,2008/2009,São Miguel do Passa Quatro,GO,1031,Northern,53,DIMO+BOSC-2,2,7,131.385179,6.574986857
2,2008/2009,São Miguel do Passa Quatro,GO,1031,Northern,53,FLUO-2,2,15,131.385179,6.049081021
2,2008/2009,São Miguel do Passa Quatro,GO,1031,Northern,53,FLUZ-2,2,8,131.385179,4.100694188
2,2008/2009,São Miguel do Passa Quatro,GO,1031,Northern,53,PROCY-2,2,16,131.385179,6.52537055
3,2008/2009,Silvânia,GO,1050,Northern,65,AACHECK-0,2,65,170.503401,17.3781472
3,2008/2009,Silvânia,GO,1050,Northern,65,DIMO+BOSC-2,2,25,170.503401,15.82116199
3,2008/2009,Silvânia,GO,1050,Northern,65,FLUO-2,2,23,170.503401,12.7667537
3,2008/2009,Silvânia,GO,1050,Northern,65,FLUZ-2,2,26,170.503401,13.62531345
3,2008/2009,Silvânia,GO,1050,Northern,65,PROCY-2,2,25,170.503401,6.878468822
4,2008/2009,Mauá da Serra,PR,1029,Southern,69,AACHECK-0,2,69,169.021567,14.1807528
4,2008/2009,Mauá da Serra,PR,1029,Southern,69,DIMO+BOSC-2,2,34,169.021567,20.52818185
4,2008/2009,Mauá da Serra,PR,1029,Southern,69,FLUO-2,2,30,169.021567,9.778803608
4,2008/2009,Mauá da Serra,PR,1029,Southern,69,FLUZ-2,2,26,169.021567,22.30821037
4,2008/2009,Mauá da Serra,PR,1029,Southern,69,PROCY-2,2,43,169.021567,15.28377408
5,2008/2009,Nova Ponte,MG,999,Northern,21,AACHECK-0,2,21,18.577978,3.109126351
5,2008/2009,Nova Ponte,MG,999,Northern,21,DIMO+BOSC-2,2,8,18.577978,3.403429643
5,2008/2009,Nova Ponte,MG,999,Northern,21,FLUO-2,2,5,18.577978,3.201562119
5,2008/2009,Nova Ponte,MG,999,Northern,21,FLUZ-2,2,7,18.577978,2.753785274
5,2008/2009,Nova Ponte,MG,999,Northern,21,PROCY-2,2,9,18.577978,1.414213562
6,2009/2010,Montividiu,GO,921,Northern,90.3,AACHECK-0,3,90.3,76.29025,3.28744455
6,2009/2010,Montividiu,GO,921,Northern,90.3,DIMO+BOSC-2,3,75.9,76.29025,6.155536126
6,2009/2010,Montividiu,GO,921,Northern,90.3,FLUO-2,3,74.7,76.29025,5.625
6,2009/2010,Montividiu,GO,921,Northern,90.3,FLUZ-2,3,54.1,76.29025,12.17814812
6,2009/2010,Montividiu,GO,921,Northern,90.3,PROCY-2,3,66.9,76.29025,8.196798155
6,2009/2010,Montividiu,GO,921,Northern,90.3,TIOF-4,3,79.1,76.29025,2.366211811
7,2009/2010,São Miguel do Passa Quatro,GO,1027,Northern,39.4,AACHECK-0,3,39.4,39.001902,11.09257713
7,2009/2010,São Miguel do Passa Quatro,GO,1027,Northern,39.4,DIMO+BOSC-2,3,5,39.001902,2.939723679
7,2009/2010,São Miguel do Passa Quatro,GO,1027,Northern,39.4,FLUO-2,3,4.4,39.001902,3.271022543
7,2009/2010,São Miguel do Passa Quatro,GO,1027,Northern,39.4,FLUZ-2,3,7.8,39.001902,1.571348403
7,2009/2010,São Miguel do Passa Quatro,GO,1027,Northern,39.4,PROCY-2,3,8.3,39.001902,4.303314829
7,2009/2010,São Miguel do Passa Quatro,GO,1027,Northern,39.4,TIOF-4,3,11.4,39.001902,1.666666667
8,2009/2010,Água Fria,GO,891,Northern,37.7,AACHECK-0,3,37.7,14.726398,5.822739981
8,2009/2010,Água Fria,GO,891,Northern,37.7,DIMO+BOSC-2,3,1.1,14.726398,2.173913043
8,2009/2010,Água Fria,GO,891,Northern,37.7,FLUO-2,3,3.7,14.726398,3.145971452
8,2009/2010,Água Fria,GO,891,Northern,37.7,FLUZ-2,3,5.6,14.726398,3.996883614
8,2009/2010,Água Fria,GO,891,Northern,37.7,PROCY-2,3,1,14.726398,2.083333333
8,2009/2010,Água Fria,GO,891,Northern,37.7,TIOF-4,3,11.6,14.726398,1.808428311
9,2009/2010,Campo Verde,MT,985,Northern,43.7,AACHECK-0,4,43.7,130.798611,7.216878365
9,2009/2010,Campo Verde,MT,985,Northern,43.7,FLUO-2,4,17.2,130.798611,5.983919423
9,2009/2010,Campo Verde,MT,985,Northern,43.7,FLUZ-2,4,21.9,130.798611,18.75
9,2009/2010,Campo Verde,MT,985,Northern,43.7,PROCY-2,4,14.1,130.798611,10.67390705
9,2009/2010,Campo Verde,MT,985,Northern,43.7,TIOF-4,4,38.2,130.798611,10.67390705
10,2009/2010,Nova Ponte,MG,1005,Northern,16.5,AACHECK-0,5,16.5,35.14249,14.79838855
10,2009/2010,Nova Ponte,MG,1005,Northern,16.5,FLUZ-2,5,4,35.14249,6.511535067
10,2009/2010,Nova Ponte,MG,1005,Northern,16.5,PROCY-2,5,7.8,35.14249,7.454360385
10,2009/2010,Nova Ponte,MG,1005,Northern,16.5,TIOF-4,5,9.8,35.14249,7.649317287
11,2009/2010,Uberlândia,MG,947,Northern,32,AACHECK-0,3,32,10.040404,6.055300708
11,2009/2010,Uberlândia,MG,947,Northern,32,DIMO+BOSC-2,3,2.7,10.040404,1.707825128
11,2009/2010,Uberlândia,MG,947,Northern,32,FLUO-2,3,3.4,10.040404,4.607511982
11,2009/2010,Uberlândia,MG,947,Northern,32,FLUZ-2,3,4.5,10.040404,1.914854216
11,2009/2010,Uberlândia,MG,947,Northern,32,PROCY-2,3,5.5,10.040404,5.744562647
11,2009/2010,Uberlândia,MG,947,Northern,32,TIOF-4,3,8.2,10.040404,3.095695937
12,2009/2010,Pilar do Sul,SP,800,Southern,55,AACHECK-0,3,55,80.36364,20.81665999
12,2009/2010,Pilar do Sul,SP,800,Southern,55,DIMO+BOSC-2,3,8.75,80.36364,2.449489743
12,2009/2010,Pilar do Sul,SP,800,Southern,55,FLUO-2,3,5.25,80.36364,6.782329983
12,2009/2010,Pilar do Sul,SP,800,Southern,55,FLUZ-2,3,7,80.36364,7.088723439
12,2009/2010,Pilar do Sul,SP,800,Southern,55,PROCY-2,3,3.25,80.36364,2.362907813
12,2009/2010,Pilar do Sul,SP,800,Southern,55,TIOF-4,3,14.5,80.36364,10.90489187
13,2009/2010,Mauá da Serra,PR,909,Southern,40.6,AACHECK-0,3,40.6,18.632615,5.253966755
13,2009/2010,Mauá da Serra,PR,909,Southern,40.6,DIMO+BOSC-2,3,10,18.632615,4.254287053
13,2009/2010,Mauá da Serra,PR,909,Southern,40.6,FLUO-2,3,9.4,18.632615,2.393567769
13,2009/2010,Mauá da Serra,PR,909,Southern,40.6,FLUZ-2,3,17.5,18.632615,3.227486122
13,2009/2010,Mauá da Serra,PR,909,Southern,40.6,PROCY-2,3,15.6,18.632615,3.886407939
13,2009/2010,Mauá da Serra,PR,909,Southern,40.6,TIOF-4,3,24.3,18.632615,5.983919423
14,2010/2011,Montividiu,GO,921,Northern,43.1,AACHECK-0,3,43.1,28.371011,9.655525189
14,2010/2011,Montividiu,GO,921,Northern,43.1,DIMO+BOSC-2,3,5.3,28.371011,2.101586702
14,2010/2011,Montividiu,GO,921,Northern,43.1,FLUO-2,3,5.8,28.371011,1.5
14,2010/2011,Montividiu,GO,921,Northern,43.1,FLUZ-2,3,3.1,28.371011,1.25
14,2010/2011,Montividiu,GO,921,Northern,43.1,PROCY-2,3,11.9,28.371011,2.393567769
14,2010/2011,Montividiu,GO,921,Northern,43.1,TIOF-4,3,26.9,28.371011,7.465197028
15,2010/2011,São Miguel do Passa Quatro,GO,1027,Northern,31.28,AACHECK-0,3,31.28,29.995576,4.694944089
15,2010/2011,São Miguel do Passa Quatro,GO,1027,Northern,31.28,DIMO+BOSC-2,3,9.38,29.995576,3.145764348
15,2010/2011,São Miguel do Passa Quatro,GO,1027,Northern,31.28,FLUO-2,3,8.8,29.995576,3.535533906
15,2010/2011,São Miguel do Passa Quatro,GO,1027,Northern,31.28,FLUZ-2,3,9.08,29.995576,3.12343294
15,2010/2011,São Miguel do Passa Quatro,GO,1027,Northern,31.28,PROCY-2,3,10.63,29.995576,2.393567769
15,2010/2011,São Miguel do Passa Quatro,GO,1027,Northern,31.28,TIOF-4,3,20.03,29.995576,5.848860288
16,2010/2011,Silvânia,GO,1050,Northern,36.8,AACHECK-0,3,36.8,30.884916,8.883833632
16,2010/2011,Silvânia,GO,1050,Northern,36.8,DIMO+BOSC-2,3,5.8,30.884916,3.914396505
16,2010/2011,Silvânia,GO,1050,Northern,36.8,FLUO-2,3,5,30.884916,2.127596453
16,2010/2011,Silvânia,GO,1050,Northern,36.8,FLUZ-2,3,6,30.884916,3.756327994
16,2010/2011,Silvânia,GO,1050,Northern,36.8,PROCY-2,3,8.8,30.884916,1.201388086
16,2010/2011,Silvânia,GO,1050,Northern,36.8,TIOF-4,3,12.3,30.884916,6.291528696
17,2010/2011,Água Fria,GO,891,Northern,36,AACHECK-0,3,36,4.945636,2.996664813
17,2010/2011,Água Fria,GO,891,Northern,36,DIMO+BOSC-2,3,4,4.945636,2.393567769
17,2010/2011,Água Fria,GO,891,Northern,36,FLUO-2,3,2,4.945636,1.556438242
17,2010/2011,Água Fria,GO,891,Northern,36,FLUZ-2,3,6,4.945636,1.589549202
17,2010/2011,Água Fria,GO,891,Northern,36,PROCY-2,3,4,4.945636,0.65
17,2010/2011,Água Fria,GO,891,Northern,36,TIOF-4,3,12,4.945636,3.711693234
18,2010/2011,Ponta Grossa,PR,1021,Southern,64.5,AACHECK-0,3,64.5,264.442424,13.89244399
18,2010/2011,Ponta Grossa,PR,1021,Southern,64.5,DIMO+BOSC-2,3,25,264.442424,11.19523708
18,2010/2011,Ponta Grossa,PR,1021,Southern,64.5,FLUO-2,3,56.5,264.442424,12.79322737
18,2010/2011,Ponta Grossa,PR,1021,Southern,64.5,FLUZ-2,3,12.5,264.442424,5
18,2010/2011,Ponta Grossa,PR,1021,Southern,64.5,PROCY-2,3,9.3,264.442424,8.850612032
18,2010/2011,Ponta Grossa,PR,1021,Southern,64.5,TIOF-4,3,46.3,264.442424,22.77425447
19,2010/2011,Marilândia do Sul,PR,868,Southern,15.4,AACHECK-0,3,15.4,4.945636,2.996664813
19,2010/2011,Marilândia do Sul,PR,868,Southern,15.4,DIMO+BOSC-2,3,0.5,4.945636,2.393567769
19,2010/2011,Marilândia do Sul,PR,868,Southern,15.4,FLUO-2,3,11,4.945636,1.556438242
19,2010/2011,Marilândia do Sul,PR,868,Southern,15.4,FLUZ-2,3,3.4,4.945636,1.589549202
19,2010/2011,Marilândia do Sul,PR,868,Southern,15.4,PROCY-2,3,2.4,4.945636,0.65
19,2010/2011,Marilândia do Sul,PR,868,Southern,15.4,TIOF-4,3,6.1,4.945636,3.711693234
20,2011/2012,São Miguel do Passa Quatro,GO,1027,Northern,42.1,AACHECK-0,3,42.1,10.460742,5.790221642
20,2011/2012,São Miguel do Passa Quatro,GO,1027,Northern,42.1,DIMO+BOSC-2,3,7.8,10.460742,0.65
20,2011/2012,São Miguel do Passa Quatro,GO,1027,Northern,42.1,FLUO-2,3,7.5,10.460742,2.28235989
20,2011/2012,São Miguel do Passa Quatro,GO,1027,Northern,42.1,FLUZ-2,3,7.8,10.460742,2.142234036
20,2011/2012,São Miguel do Passa Quatro,GO,1027,Northern,42.1,PROCY-2,3,12.8,10.460742,2.599198594
20,2011/2012,São Miguel do Passa Quatro,GO,1027,Northern,42.1,TIOF-4,3,27.2,10.460742,5.362446581
21,2011/2012,Goianira,GO,737,Northern,34.7,AACHECK-0,3,34.7,10.225731,6.421448435
21,2011/2012,Goianira,GO,737,Northern,34.7,DIMO+BOSC-2,3,10.8,10.225731,3.543421134
21,2011/2012,Goianira,GO,737,Northern,34.7,FLUO-2,3,7.1,10.225731,1.57770931
21,2011/2012,Goianira,GO,737,Northern,34.7,FLUZ-2,3,15.9,10.225731,3.586084215
21,2011/2012,Goianira,GO,737,Northern,34.7,PROCY-2,3,16.4,10.225731,2.862982128
21,2011/2012,Goianira,GO,737,Northern,34.7,TIOF-4,3,25,10.225731,3.535533906
22,2011/2012,Uberlândia,MG,947,Northern,46.3,AACHECK-0,3,46.3,26.166667,4.787135539
22,2011/2012,Uberlândia,MG,947,Northern,46.3,DIMO+BOSC-2,3,23.3,26.166667,3.862210075
22,2011/2012,Uberlândia,MG,947,Northern,46.3,FLUO-2,3,16.8,26.166667,3.201562119
22,2011/2012,Uberlândia,MG,947,Northern,46.3,FLUZ-2,3,21,26.166667,4.760952286
22,2011/2012,Uberlândia,MG,947,Northern,46.3,PROCY-2,3,21,26.166667,4.69041576
22,2011/2012,Uberlândia,MG,947,Northern,46.3,TIOF-4,3,16.5,26.166667,8.888194417
23,2011/2012,Chapadão do Sul,MS,813,Northern,67.5,AACHECK-0,3,67.5,79.924242,19.31105038
23,2011/2012,Chapadão do Sul,MS,813,Northern,67.5,DIMO+BOSC-2,3,8.8,79.924242,4.787135539
23,2011/2012,Chapadão do Sul,MS,813,Northern,67.5,FLUO-2,3,11.3,79.924242,10.30776406
23,2011/2012,Chapadão do Sul,MS,813,Northern,67.5,FLUZ-2,3,23.8,79.924242,10.30776406
23,2011/2012,Chapadão do Sul,MS,813,Northern,67.5,PROCY-2,3,13.8,79.924242,8.539125638
23,2011/2012,Chapadão do Sul,MS,813,Northern,67.5,TIOF-4,3,15,79.924242,7.071067812
24,2011/2012,Ponta Grossa,PR,1021,Southern,20.5,AACHECK-0,3,20.5,18.316667,8.6986589
24,2011/2012,Ponta Grossa,PR,1021,Southern,20.5,DIMO+BOSC-2,3,5.5,18.316667,2.081665999
24,2011/2012,Ponta Grossa,PR,1021,Southern,20.5,FLUO-2,3,5.2,18.316667,4.787135539
24,2011/2012,Ponta Grossa,PR,1021,Southern,20.5,FLUZ-2,3,8.2,18.316667,3.403429643
24,2011/2012,Ponta Grossa,PR,1021,Southern,20.5,PROCY-2,3,9.25,18.316667,5.737304826
24,2011/2012,Ponta Grossa,PR,1021,Southern,20.5,TIOF-4,3,11.2,18.316667,4.787135539
25,2011/2012,Palmeira,PR,820,Southern,55,AACHECK-0,3,55,21.098485,7.071067812
25,2011/2012,Palmeira,PR,820,Southern,55,DIMO+BOSC-2,3,6.3,21.098485,4.787135539
25,2011/2012,Palmeira,PR,820,Southern,55,FLUO-2,3,7.5,21.098485,6.454972244
25,2011/2012,Palmeira,PR,820,Southern,55,FLUZ-2,3,11.3,21.098485,7.5
25,2011/2012,Palmeira,PR,820,Southern,55,PROCY-2,3,15,21.098485,4.082482905
25,2011/2012,Palmeira,PR,820,Southern,55,TIOF-4,3,33.8,21.098485,4.787135539
26,2011/2012,Palmeira,PR,820,Southern,47.5,AACHECK-0,3,47.5,8.863636,6.454972244
26,2011/2012,Palmeira,PR,820,Southern,47.5,DIMO+BOSC-2,3,2.5,8.863636,2.886751346
26,2011/2012,Palmeira,PR,820,Southern,47.5,FLUO-2,3,2.5,8.863636,2.886751346
26,2011/2012,Palmeira,PR,820,Southern,47.5,FLUZ-2,3,5,8.863636,2
26,2011/2012,Palmeira,PR,820,Southern,47.5,PROCY-2,3,6.25,8.863636,2.5
26,2011/2012,Palmeira,PR,820,Southern,47.5,TIOF-4,3,15,8.863636,1.5
27,2011/2012,São Desiderio,BA,844,Northern,100,AACHECK-0,3,100,121.948653,10
27,2011/2012,São Desiderio,BA,844,Northern,100,DIMO+BOSC-2,3,93.75,121.948653,7.978559231
27,2011/2012,São Desiderio,BA,844,Northern,100,FLUO-2,3,97.92,121.948653,4.166666667
27,2011/2012,São Desiderio,BA,844,Northern,100,FLUZ-2,3,85.42,121.948653,19.69089844
27,2011/2012,São Desiderio,BA,844,Northern,100,PROCY-2,3,89.58,121.948653,15.77474541
27,2011/2012,São Desiderio,BA,844,Northern,100,TIOF-4,3,89.58,121.948653,15.77474541
28,2011/2012,Montividiu,GO,921,Northern,24.38,AACHECK-0,3,24.38,30.486742,16.5044186
28,2011/2012,Montividiu,GO,921,Northern,24.38,DIMO+BOSC-2,3,1.88,30.486742,2.393567769
28,2011/2012,Montividiu,GO,921,Northern,24.38,FLUO-2,3,3.13,30.486742,3.75
28,2011/2012,Montividiu,GO,921,Northern,24.38,FLUZ-2,3,1.88,30.486742,2.393567769
28,2011/2012,Montividiu,GO,921,Northern,24.38,PROCY-2,3,4.75,30.486742,0.5
28,2011/2012,Montividiu,GO,921,Northern,24.38,TIOF-4,3,8.75,30.486742,3.227486122
29,2011/2012,Campo Verde,MT,736,Northern,3.65,AACHECK-0,3,3.65,6.573256,2.966667967
29,2011/2012,Campo Verde,MT,736,Northern,3.65,DIMO+BOSC-2,3,0.5,6.573256,0.5
29,2011/2012,Campo Verde,MT,736,Northern,3.65,FLUO-2,3,0.35,6.573256,0.4009376869
29,2011/2012,Campo Verde,MT,736,Northern,3.65,FLUZ-2,3,0.35,6.573256,0.4009376869
29,2011/2012,Campo Verde,MT,736,Northern,3.65,PROCY-2,3,0.35,6.573256,0.6944444444
29,2011/2012,Campo Verde,MT,736,Northern,3.65,TIOF-4,3,4.17,6.573256,7.877175707
30,2011/2012,Faxinal,PR,991,Southern,36.75,AACHECK-0,3,36.75,59.008523,6.28738817
30,2011/2012,Faxinal,PR,993,Southern,36.75,DIMO+BOSC-2,3,11.5,59.008523,1.629800601
30,2011/2012,Faxinal,PR,994,Southern,36.75,FLUO-2,3,10.25,59.008523,2.709935424
30,2011/2012,Faxinal,PR,995,Southern,36.75,FLUZ-2,3,17.75,59.008523,4.275657844
30,2011/2012,Faxinal,PR,997,Southern,36.75,PROCY-2,3,22.75,59.008523,10.43581573
30,2011/2012,Faxinal,PR,998,Southern,36.75,TIOF-4,3,34,59.008523,15.37042615
31,2011/2012,Capão Bonito,SP,730,Southern,5,AACHECK-0,3,5,2.249106,4.082482905
31,2011/2012,Capão Bonito,SP,730,Southern,5,DIMO+BOSC-2,3,1.5,2.249106,1.914854216
31,2011/2012,Capão Bonito,SP,730,Southern,5,FLUO-2,3,0.5,2.249106,0.5
31,2011/2012,Capão Bonito,SP,730,Southern,5,FLUZ-2,3,1,2.249106,1.154700538
31,2011/2012,Capão Bonito,SP,730,Southern,5,PROCY-2,3,0.5,2.249106,1
31,2011/2012,Capão Bonito,SP,730,Southern,5,TIOF-4,3,1.5,2.249106,1.290994449
32,2012/2013,Chapadão do Sul,MS,813,Northern,7.5,AACHECK-0,3,7.5,6.9444444,8.660254038
32,2012/2013,Chapadão do Sul,MS,813,Northern,7.5,DIMO+BOSC-2,3,0.5,6.9444444,0.5
32,2012/2013,Chapadão do Sul,MS,813,Northern,7.5,FLUO-2,3,0.5,6.9444444,0.5
32,2012/2013,Chapadão do Sul,MS,813,Northern,7.5,FLUZ-2,3,0.5,6.9444444,0.5
32,2012/2013,Chapadão do Sul,MS,813,Northern,7.5,PROCY-2,3,1.25,6.9444444,2.5
32,2012/2013,Chapadão do Sul,MS,813,Northern,7.5,TIOF-4,3,0.5,6.9444444,0.5
33,2012/2013,Rio Verde,GO,748,Northern,31.56,AACHECK-0,2,31.56,25.4631076,2.771694728
33,2012/2013,Rio Verde,GO,748,Northern,31.56,DIMO+BOSC-2,2,9.06,25.4631076,3.125
33,2012/2013,Rio Verde,GO,748,Northern,31.56,FLUO-2,2,13.75,25.4631076,3.952847075
33,2012/2013,Rio Verde,GO,748,Northern,31.56,FLUZ-2,2,11.25,25.4631076,3.679900361
33,2012/2013,Rio Verde,GO,748,Northern,31.56,PROCY-2,2,11.88,25.4631076,3.145764348
34,2012/2013,Ponta Grossa,PR,1021,Southern,25.94,AACHECK-0,2,25.94,13.0129419,6.721777419
34,2012/2013,Ponta Grossa,PR,1021,Southern,25.94,DIMO+BOSC-2,2,9.06,13.0129419,1.572882174
34,2012/2013,Ponta Grossa,PR,1021,Southern,25.94,FLUO-2,2,11.25,13.0129419,2.886751346
34,2012/2013,Ponta Grossa,PR,1021,Southern,25.94,FLUZ-2,2,11.25,13.0129419,3.227486122
34,2012/2013,Ponta Grossa,PR,1021,Southern,25.94,PROCY-2,2,9.38,13.0129419,4.38985573
35,2012/2013,Jataí,GO,749,Northern,12.13,AACHECK-0,2,12.13,22.249053,1.108677891
35,2012/2013,Jataí,GO,749,Northern,12.13,DIMO+BOSC-2,2,0.5,22.249053,0.7071067812
35,2012/2013,Jataí,GO,749,Northern,12.13,FLUO-2,2,1.63,22.249053,2.25
35,2012/2013,Jataí,GO,749,Northern,12.13,FLUZ-2,2,0.75,22.249053,0.9574271078
35,2012/2013,Jataí,GO,749,Northern,12.13,PROCY-2,2,1.75,22.249053,1.443375673
36,2012/2013,São Miguel do Passa Quatro,GO,1027,Northern,7.23,AACHECK-0,2,7.23,0.9201578,1.192686044
36,2012/2013,São Miguel do Passa Quatro,GO,1027,Northern,7.23,DIMO+BOSC-2,2,0.33,0.9201578,0.65
36,2012/2013,São Miguel do Passa Quatro,GO,1027,Northern,7.23,FLUO-2,2,0.33,0.9201578,0.65
36,2012/2013,São Miguel do Passa Quatro,GO,1027,Northern,7.23,FLUZ-2,2,0.33,0.9201578,0.65
36,2012/2013,São Miguel do Passa Quatro,GO,1027,Northern,7.23,PROCY-2,2,0.65,0.9201578,0.7505553499
37,2012/2013,Faxinal,PR,820,Southern,58.25,AACHECK-0,2,58.25,74.4761865,4.558645632
37,2012/2013,Faxinal,PR,820,Southern,58.25,DIMO+BOSC-2,2,19,74.4761865,10.80364522
37,2012/2013,Faxinal,PR,820,Southern,58.25,FLUO-2,2,22,74.4761865,7.531185166
37,2012/2013,Faxinal,PR,820,Southern,58.25,FLUZ-2,2,40.75,74.4761865,9.826622004
37,2012/2013,Faxinal,PR,820,Southern,58.25,PROCY-2,2,42,74.4761865,6.34921255
38,2012/2013,Uberlândia,MG,947,Northern,21.68,AACHECK-0,2,21.68,5.4541477,2.778938646
38,2012/2013,Uberlândia,MG,947,Northern,21.68,DIMO+BOSC-2,2,8.8,5.4541477,5.372150407
38,2012/2013,Uberlândia,MG,947,Northern,21.68,FLUO-2,2,0.5,5.4541477,0.5
38,2012/2013,Uberlândia,MG,947,Northern,21.68,FLUZ-2,2,0.5,5.4541477,0.5
38,2012/2013,Uberlândia,MG,947,Northern,21.68,PROCY-2,2,1.25,5.4541477,1.040833
39,2012/2013,Ponta Grossa,PR,1021,Southern,14.69,AACHECK-0,2,14.69,4.3096985,5.038911093
39,2012/2013,Ponta Grossa,PR,1021,Southern,14.69,DIMO+BOSC-2,2,0.94,4.3096985,0.625
39,2012/2013,Ponta Grossa,PR,1021,Southern,14.69,FLUO-2,2,4.69,4.3096985,2.771694728
39,2012/2013,Ponta Grossa,PR,1021,Southern,14.69,FLUZ-2,2,3.13,4.3096985,2.165063509
39,2012/2013,Ponta Grossa,PR,1021,Southern,14.69,PROCY-2,2,3.75,4.3096985,1.767766953
40,2013/2014,Chapadão do Sul,MS,813,Northern,16.25,AACHECK-0,1,16.25,40.8386752,13.1497782
40,2013/2014,Chapadão do Sul,MS,813,Northern,16.25,CARB+PROCY-2,1,0.5,40.8386752,0.5
40,2013/2014,Chapadão do Sul,MS,813,Northern,16.25,DIMO+BOSC-2,1,0.5,40.8386752,0.5
40,2013/2014,Chapadão do Sul,MS,813,Northern,16.25,FLUO-2,1,3.75,40.8386752,7.5
40,2013/2014,Chapadão do Sul,MS,813,Northern,16.25,FLUZ-2,1,7.5,40.8386752,8.660254038
40,2013/2014,Chapadão do Sul,MS,813,Northern,16.25,PROCY-2,1,3.75,40.8386752,7.5
40,2013/2014,Chapadão do Sul,MS,813,Northern,16.25,TIOF-4,1,6.25,40.8386752,2.5
41,2013/2014,Montividiu,GO,921,Northern,15,AACHECK-0,1,15,10.534188,7.393691004
41,2013/2014,Montividiu,GO,921,Northern,15,CARB+PROCY-2,1,2.5,10.534188,2.081665999
41,2013/2014,Montividiu,GO,921,Northern,15,DIMO+BOSC-2,1,1.5,10.534188,1.290994449
41,2013/2014,Montividiu,GO,921,Northern,15,FLUO-2,1,3.5,10.534188,1.914854216
41,2013/2014,Montividiu,GO,921,Northern,15,FLUZ-2,1,1,10.534188,1.154700538
41,2013/2014,Montividiu,GO,921,Northern,15,PROCY-2,1,2.25,10.534188,2.061552813
41,2013/2014,Montividiu,GO,921,Northern,15,TIOF-4,1,6.25,10.534188,6.701989754
42,2013/2014,Mauá da Serra,PR,909,Southern,33.25,AACHECK-0,1,33.25,25.1001603,12.42477364
42,2013/2014,Mauá da Serra,PR,909,Southern,33.25,CARB+PROCY-2,1,0.5,25.1001603,0.6846531969
42,2013/2014,Mauá da Serra,PR,909,Southern,33.25,DIMO+BOSC-2,1,1,25.1001603,1.629800601
42,2013/2014,Mauá da Serra,PR,909,Southern,33.25,FLUO-2,1,0.75,25.1001603,1.118033989
42,2013/2014,Mauá da Serra,PR,909,Southern,33.25,FLUZ-2,1,2.5,25.1001603,2.338535867
42,2013/2014,Mauá da Serra,PR,909,Southern,33.25,PROCY-2,1,1.25,25.1001603,1.767766953
42,2013/2014,Mauá da Serra,PR,909,Southern,33.25,TIOF-4,1,6,25.1001603,4.71036092
43,2013/2014,Ponta Grossa,PR,1021,Southern,41.25,AACHECK-0,1,41.25,80.7041266,24.30277762
43,2013/2014,Ponta Grossa,PR,1021,Southern,41.25,CARB+PROCY-2,1,4.06,80.7041266,1.196783885
43,2013/2014,Ponta Grossa,PR,1021,Southern,41.25,DIMO+BOSC-2,1,11.88,80.7041266,0.7216878365
43,2013/2014,Ponta Grossa,PR,1021,Southern,41.25,FLUO-2,1,15.63,80.7041266,7.180703308
43,2013/2014,Ponta Grossa,PR,1021,Southern,41.25,FLUZ-2,1,11.25,80.7041266,3.679900361
43,2013/2014,Ponta Grossa,PR,1021,Southern,41.25,PROCY-2,1,8.44,80.7041266,3.125
43,2013/2014,Ponta Grossa,PR,1021,Southern,41.25,TIOF-4,1,33.44,80.7041266,13.0453935
44,2013/2014,Ponta Grossa,PR,1021,Southern,10.5,AACHECK-0,1,10.5,1.5480769,2.645751311
44,2013/2014,Ponta Grossa,PR,1021,Southern,10.5,CARB+PROCY-2,1,0.5,1.5480769,1
44,2013/2014,Ponta Grossa,PR,1021,Southern,10.5,DIMO+BOSC-2,1,1.5,1.5480769,1
44,2013/2014,Ponta Grossa,PR,1021,Southern,10.5,FLUO-2,1,2.25,1.5480769,0.9574271078
44,2013/2014,Ponta Grossa,PR,1021,Southern,10.5,FLUZ-2,1,3.5,1.5480769,1.290994449
44,2013/2014,Ponta Grossa,PR,1021,Southern,10.5,PROCY-2,1,2.75,1.5480769,1.258305739
44,2013/2014,Ponta Grossa,PR,1021,Southern,10.5,TIOF-4,1,2.5,1.5480769,0.5773502692
45,2014/2015,Rio Verde,GO,921,Northern,27.25,AACHECK-0,1,27.25,44.0852597,1.190238071
45,2014/2015,Rio Verde,GO,921,Northern,27.25,CARB+PROCY-2,1,6.25,44.0852597,2.783882181
45,2014/2015,Rio Verde,GO,921,Northern,27.25,DIMO+BOSC-2,1,3.63,44.0852597,0.75
45,2014/2015,Rio Verde,GO,921,Northern,27.25,FLUO-2,1,5.88,44.0852597,3.497022543
45,2014/2015,Rio Verde,GO,921,Northern,27.25,FLUZ-2,1,5.5,44.0852597,0.7071067812
45,2014/2015,Rio Verde,GO,921,Northern,27.25,PROCY-2,1,13.88,44.0852597,7.900045208
45,2014/2015,Rio Verde,GO,921,Northern,27.25,TIOF-4,1,13.38,44.0852597,9.986449152
46,2014/2015,Ponta Grossa,PR,1021,Southern,26.88,AACHECK-0,1,26.88,39.2912946,14.45178766
46,2014/2015,Ponta Grossa,PR,1021,Southern,26.88,CARB+PROCY-2,1,4.38,39.2912946,2.975595179
46,2014/2015,Ponta Grossa,PR,1021,Southern,26.88,DIMO+BOSC-2,1,4.06,39.2912946,2.771694728
46,2014/2015,Ponta Grossa,PR,1021,Southern,26.88,FLUO-2,1,5.94,39.2912946,3.28744455
46,2014/2015,Ponta Grossa,PR,1021,Southern,26.88,FLUZ-2,1,6.25,39.2912946,7.5
46,2014/2015,Ponta Grossa,PR,1021,Southern,26.88,PROCY-2,1,11.72,39.2912946,5.041678965
46,2014/2015,Ponta Grossa,PR,1021,Southern,26.88,TIOF-4,1,19.38,39.2912946,10.48312135
47,2014/2015,Montividiu,GO,921,Northern,4.06,AACHECK-0,1,4.06,44.0852597,3.28744455
47,2014/2015,Montividiu,GO,921,Northern,4.06,CARB+PROCY-2,1,1.25,44.0852597,1.020620726
47,2014/2015,Montividiu,GO,921,Northern,4.06,DIMO+BOSC-2,1,1.56,44.0852597,0.625
47,2014/2015,Montividiu,GO,921,Northern,4.06,FLUO-2,1,1.56,44.0852597,0.625
47,2014/2015,Montividiu,GO,921,Northern,4.06,FLUZ-2,1,0.63,44.0852597,0.7216878365
47,2014/2015,Montividiu,GO,921,Northern,4.06,PROCY-2,1,1.09,44.0852597,1.0431537
47,2014/2015,Montividiu,GO,921,Northern,4.06,TIOF-4,1,2.81,44.0852597,1.196783885
48,2014/2015,Mauá da Serra,PR,909,Southern,10.75,AACHECK-0,1,10.75,4.1469595,2.091650066
48,2014/2015,Mauá da Serra,PR,909,Southern,10.75,CARB+PROCY-2,1,0.75,4.1469595,1.118033989
48,2014/2015,Mauá da Serra,PR,909,Southern,10.75,DIMO+BOSC-2,1,1.25,4.1469595,1.25
48,2014/2015,Mauá da Serra,PR,909,Southern,10.75,FLUO-2,1,0.25,4.1469595,0.5590169944
48,2014/2015,Mauá da Serra,PR,909,Southern,10.75,FLUZ-2,1,2.75,4.1469595,3.468609231
48,2014/2015,Mauá da Serra,PR,909,Southern,10.75,PROCY-2,1,2.75,4.1469595,2.024159634
48,2014/2015,Mauá da Serra,PR,909,Southern,10.75,TIOF-4,1,5,4.1469595,3.186887196
49,2015/2016,Montividiu,GO,921,Northern,36.25,AACHECK-0,1,36.25,5.5427778,5.251983752
49,2015/2016,Montividiu,GO,921,Northern,36.25,CARB+PROCY-2,1,4,5.5427778,0.8164965809
49,2015/2016,Montividiu,GO,921,Northern,36.25,DIMO+BOSC-2,1,2,5.5427778,0.8164965809
49,2015/2016,Montividiu,GO,921,Northern,36.25,FLUO-2,1,1.75,5.5427778,0.5
49,2015/2016,Montividiu,GO,921,Northern,36.25,FLUZ-2,1,2.75,5.5427778,1.5
49,2015/2016,Montividiu,GO,921,Northern,36.25,PROCY-2,1,4.13,5.5427778,1.125991626
49,2015/2016,Montividiu,GO,921,Northern,36.25,TIOF-4,1,15.5,5.5427778,4.654746681
50,2015/2016,Montividiu,GO,921,Northern,50.92,AACHECK-0,1,50.92,86.4943193,21.37934283
50,2015/2016,Montividiu,GO,921,Northern,50.92,CARB+PROCY-2,1,12.83,86.4943193,5.023168821
50,2015/2016,Montividiu,GO,921,Northern,50.92,DIMO+BOSC-2,1,16.41,86.4943193,2.76884302
50,2015/2016,Montividiu,GO,921,Northern,50.92,FLUO-2,1,10.5,86.4943193,3.146250414
50,2015/2016,Montividiu,GO,921,Northern,50.92,FLUZ-2,1,10.42,86.4943193,5.674178355
50,2015/2016,Montividiu,GO,921,Northern,50.92,PROCY-2,1,8.54,86.4943193,5.228774781
50,2015/2016,Montividiu,GO,921,Northern,50.92,TIOF-4,1,27.5,86.4943193,6.874268446
51,2015/2016,Silvânia,GO,1050,Northern,30.98,AACHECK-0,1,30.98,2.7484889,1.556438242
51,2015/2016,Silvânia,GO,1050,Northern,30.98,CARB+PROCY-2,1,14.1,2.7484889,0.6
51,2015/2016,Silvânia,GO,1050,Northern,30.98,DIMO+BOSC-2,1,14.4,2.7484889,2.155612829
51,2015/2016,Silvânia,GO,1050,Northern,30.98,FLUO-2,1,13.75,2.7484889,1.443375673
51,2015/2016,Silvânia,GO,1050,Northern,30.98,FLUZ-2,1,12.53,2.7484889,2.28235989
51,2015/2016,Silvânia,GO,1050,Northern,30.98,PROCY-2,1,16.28,2.7484889,1.63685238
51,2015/2016,Silvânia,GO,1050,Northern,30.98,TIOF-4,1,16.58,2.7484889,1.192686044
52,2015/2016,Silvânia,GO,1050,Northern,27.23,AACHECK-0,1,27.23,1.9600889,1.894509611
52,2015/2016,Silvânia,GO,1050,Northern,27.23,CARB+PROCY-2,1,12.5,1.9600889,1.5
52,2015/2016,Silvânia,GO,1050,Northern,27.23,DIMO+BOSC-2,1,11.88,1.9600889,1.25
52,2015/2016,Silvânia,GO,1050,Northern,27.23,FLUO-2,1,12.2,1.9600889,0.6
52,2015/2016,Silvânia,GO,1050,Northern,27.23,FLUZ-2,1,10.95,1.9600889,1.855622088
52,2015/2016,Silvânia,GO,1050,Northern,27.23,PROCY-2,1,14.55,1.9600889,0.6210590034
52,2015/2016,Silvânia,GO,1050,Northern,27.23,TIOF-4,1,15.33,1.9600889,0.65
53,2015/2016,Uberlândia,MG,863,Northern,17.5,AACHECK-0,1,17.5,7.0644444,2.886751346
53,2015/2016,Uberlândia,MG,863,Northern,17.5,CARB+PROCY-2,1,0.5,7.0644444,1
53,2015/2016,Uberlândia,MG,863,Northern,17.5,DIMO+BOSC-2,1,2.75,7.0644444,2.217355783
53,2015/2016,Uberlândia,MG,863,Northern,17.5,FLUO-2,1,1.25,7.0644444,2.5
53,2015/2016,Uberlândia,MG,863,Northern,17.5,FLUZ-2,1,0.5,7.0644444,0.5
53,2015/2016,Uberlândia,MG,863,Northern,17.5,PROCY-2,1,2.5,7.0644444,3.77964473
53,2015/2016,Uberlândia,MG,863,Northern,17.5,TIOF-4,1,6.25,7.0644444,2.5
54,2015/2016,Barreiras,BA,454,Northern,29.29,AACHECK-0,1,29.29,15.2627475,4.640693379
54,2015/2016,Barreiras,BA,454,Northern,29.29,CARB+PROCY-2,1,2.28,15.2627475,1.947710944
54,2015/2016,Barreiras,BA,454,Northern,29.29,DIMO+BOSC-2,1,2.45,15.2627475,1.910088279
54,2015/2016,Barreiras,BA,454,Northern,29.29,FLUO-2,1,0.26,15.2627475,0.5208333333
54,2015/2016,Barreiras,BA,454,Northern,29.29,FLUZ-2,1,7.01,15.2627475,3.216410832
54,2015/2016,Barreiras,BA,454,Northern,29.29,PROCY-2,1,7.32,15.2627475,5.220967306
54,2015/2016,Barreiras,BA,454,Northern,29.29,TIOF-4,1,14.45,15.2627475,9.427280774
55,2015/2016,Júlio de  Castilhos,RS,513,Southern,28.75,AACHECK-0,1,28.75,39.2777778,8.539125638
55,2015/2016,Júlio de  Castilhos,RS,513,Southern,28.75,CARB+PROCY-2,1,15,39.2777778,5.400617249
55,2015/2016,Júlio de  Castilhos,RS,513,Southern,28.75,DIMO+BOSC-2,1,11.25,39.2777778,6.614378278
55,2015/2016,Júlio de  Castilhos,RS,513,Southern,28.75,FLUO-2,1,5.63,39.2777778,3.145764348
55,2015/2016,Júlio de  Castilhos,RS,513,Southern,28.75,FLUZ-2,1,15.63,39.2777778,8.260094834
55,2015/2016,Júlio de  Castilhos,RS,513,Southern,28.75,PROCY-2,1,16.25,39.2777778,5.824823725
55,2015/2016,Júlio de  Castilhos,RS,513,Southern,28.75,TIOF-4,1,23.13,39.2777778,11.06326504
56,2015/2016,Júlio de  Castilhos,RS,513,Southern,41.25,AACHECK-0,1,41.25,65.7256944,18.98464292
56,2015/2016,Júlio de  Castilhos,RS,513,Southern,41.25,CARB+PROCY-2,1,6.88,65.7256944,7.180703308
56,2015/2016,Júlio de  Castilhos,RS,513,Southern,41.25,DIMO+BOSC-2,1,6.25,65.7256944,4.787135539
56,2015/2016,Júlio de  Castilhos,RS,513,Southern,41.25,FLUO-2,1,5.63,65.7256944,4.732423622
56,2015/2016,Júlio de  Castilhos,RS,513,Southern,41.25,FLUZ-2,1,7.5,65.7256944,5.773502692
56,2015/2016,Júlio de  Castilhos,RS,513,Southern,41.25,PROCY-2,1,10.31,65.7256944,8.066409628
56,2015/2016,Júlio de  Castilhos,RS,513,Southern,41.25,TIOF-4,1,13.13,65.7256944,8.260094834
57,2015/2016,Mauá da Serra,PR,909,Southern,23.44,AACHECK-0,1,23.44,14.9190278,3.125
57,2015/2016,Mauá da Serra,PR,909,Southern,23.44,CARB+PROCY-2,1,8.75,14.9190278,2.700308624
57,2015/2016,Mauá da Serra,PR,909,Southern,23.44,DIMO+BOSC-2,1,3.13,14.9190278,1.25
57,2015/2016,Mauá da Serra,PR,909,Southern,23.44,FLUO-2,1,3.44,14.9190278,1.572882174
57,2015/2016,Mauá da Serra,PR,909,Southern,23.44,FLUZ-2,1,9.69,14.9190278,2.771694728
57,2015/2016,Mauá da Serra,PR,909,Southern,23.44,PROCY-2,1,10.94,14.9190278,4.368617794
57,2015/2016,Mauá da Serra,PR,909,Southern,23.44,TIOF-4,1,17.81,14.9190278,7.098635432
58,2015/2016,Faxinal,PR,820,Southern,13.13,AACHECK-0,1,13.13,6.9965278,3.75
58,2015/2016,Faxinal,PR,820,Southern,13.13,CARB+PROCY-2,1,1.56,6.9965278,3.125
58,2015/2016,Faxinal,PR,820,Southern,13.13,DIMO+BOSC-2,1,1.56,6.9965278,1.875
58,2015/2016,Faxinal,PR,820,Southern,13.13,FLUO-2,1,0.5,6.9965278,0.5
58,2015/2016,Faxinal,PR,820,Southern,13.13,FLUZ-2,1,2.5,6.9965278,1.767766953
58,2015/2016,Faxinal,PR,820,Southern,13.13,PROCY-2,1,3.75,6.9965278,2.314550249
58,2015/2016,Faxinal,PR,820,Southern,13.13,TIOF-4,1,4.38,6.9965278,4.621056878
59,2016/2017,Ponta Grossa,PR,1021,Southern,3.75,AACHECK-0,1,3.75,1.1633929,2.061552813
59,2016/2017,Ponta Grossa,PR,1021,Southern,3.75,CARB+PROCY-2,1,0.25,1.1633929,0.5
59,2016/2017,Ponta Grossa,PR,1021,Southern,3.75,DIMO+BOSC-2,1,0.25,1.1633929,0.5
59,2016/2017,Ponta Grossa,PR,1021,Southern,3.75,FLUO-2,1,0.25,1.1633929,0.5
59,2016/2017,Ponta Grossa,PR,1021,Southern,3.75,FLUZ-2,1,1.75,1.1633929,1.707825128
59,2016/2017,Ponta Grossa,PR,1021,Southern,3.75,PROCY-2,1,1,1.1633929,1.195228609
59,2016/2017,Ponta Grossa,PR,1021,Southern,3.75,TIOF-4,1,2.5,1.1633929,1.290994449
60,2016/2017,Pitanga,PR,952,Southern,46.5,AACHECK-0,1,46.5,4.7464286,3.109126351
60,2016/2017,Pitanga,PR,952,Southern,46.5,CARB+PROCY-2,1,3,4.7464286,0.8164965809
60,2016/2017,Pitanga,PR,952,Southern,46.5,DIMO+BOSC-2,1,11.75,4.7464286,2.217355783
60,2016/2017,Pitanga,PR,952,Southern,46.5,FLUO-2,1,7.25,4.7464286,1.892969449
60,2016/2017,Pitanga,PR,952,Southern,46.5,FLUZ-2,1,17.25,4.7464286,1.707825128
60,2016/2017,Pitanga,PR,952,Southern,46.5,PROCY-2,1,14.13,4.7464286,1.807721534
60,2016/2017,Pitanga,PR,952,Southern,46.5,TIOF-4,1,22.75,4.7464286,3.403429643
61,2016/2017,Silvânia,GO,1050,Northern,53.44,AACHECK-0,1,53.44,5.2678571,2.13478141
61,2016/2017,Silvânia,GO,1050,Northern,53.44,CARB+PROCY-2,1,22.5,5.2678571,1.020620726
61,2016/2017,Silvânia,GO,1050,Northern,53.44,DIMO+BOSC-2,1,17.81,5.2678571,1.196783885
61,2016/2017,Silvânia,GO,1050,Northern,53.44,FLUO-2,1,21.88,5.2678571,2.602082499
61,2016/2017,Silvânia,GO,1050,Northern,53.44,FLUZ-2,1,20.94,5.2678571,2.771694728
61,2016/2017,Silvânia,GO,1050,Northern,53.44,PROCY-2,1,22.66,5.2678571,3.563048203
61,2016/2017,Silvânia,GO,1050,Northern,53.44,TIOF-4,1,23.13,5.2678571,0.7216878365
62,2016/2017,Uberlândia,MG,863,Northern,23.75,AACHECK-0,1,23.75,21.6973214,6.946221995
62,2016/2017,Uberlândia,MG,863,Northern,23.75,CARB+PROCY-2,1,1.5,21.6973214,1.732050808
62,2016/2017,Uberlândia,MG,863,Northern,23.75,DIMO+BOSC-2,1,2.25,21.6973214,2.061552813
62,2016/2017,Uberlândia,MG,863,Northern,23.75,FLUO-2,1,2.5,21.6973214,1.732050808
62,2016/2017,Uberlândia,MG,863,Northern,23.75,FLUZ-2,1,5.5,21.6973214,7.187952884
62,2016/2017,Uberlândia,MG,863,Northern,23.75,PROCY-2,1,4.88,21.6973214,6.490377493
62,2016/2017,Uberlândia,MG,863,Northern,23.75,TIOF-4,1,9,21.6973214,5.597618541
63,2016/2017,Montividiu,GO,921,Northern,82,AACHECK-0,1,82,75.7022924,7.08284312
63,2016/2017,Montividiu,GO,921,Northern,82,CARB+PROCY-2,1,23.88,75.7022924,4.922313142
63,2016/2017,Montividiu,GO,921,Northern,82,DIMO+BOSC-2,1,20,75.7022924,4.564354646
63,2016/2017,Montividiu,GO,921,Northern,82,FLUO-2,1,23.75,75.7022924,4.330127019
63,2016/2017,Montividiu,GO,921,Northern,82,FLUZ-2,1,23.75,75.7022924,5.204164999
63,2016/2017,Montividiu,GO,921,Northern,82,PROCY-2,1,26.63,75.7022924,9.545941546
63,2016/2017,Montividiu,GO,921,Northern,82,TIOF-4,1,49.39,75.7022924,13.88046439
64,2016/2017,Chapadão do Sul,MS,813,Northern,54.08,AACHECK-0,1,54.08,85.2706518,12.37965401
64,2016/2017,Chapadão do Sul,MS,813,Northern,54.08,CARB+PROCY-2,1,11.88,85.2706518,5.907269533
64,2016/2017,Chapadão do Sul,MS,813,Northern,54.08,DIMO+BOSC-2,1,3.75,85.2706518,4.787135539
64,2016/2017,Chapadão do Sul,MS,813,Northern,54.08,FLUO-2,1,16.25,85.2706518,8.539125638
64,2016/2017,Chapadão do Sul,MS,813,Northern,54.08,FLUZ-2,1,17.5,85.2706518,7.90569415
64,2016/2017,Chapadão do Sul,MS,813,Northern,54.08,PROCY-2,1,9.69,85.2706518,20
64,2016/2017,Chapadão do Sul,MS,813,Northern,54.08,TIOF-4,1,41.25,85.2706518,11.08677891
65,2016/2017,Palmeira,PR,865,Southern,14.69,AACHECK-0,1,14.69,4.5744978,3.869619921
65,2016/2017,Palmeira,PR,865,Southern,14.69,CARB+PROCY-2,1,4.69,4.5744978,1.875
65,2016/2017,Palmeira,PR,865,Southern,14.69,DIMO+BOSC-2,1,3.13,4.5744978,2.165063509
65,2016/2017,Palmeira,PR,865,Southern,14.69,FLUO-2,1,2.81,4.5744978,1.196783885
65,2016/2017,Palmeira,PR,865,Southern,14.69,FLUZ-2,1,3.44,4.5744978,1.196783885
65,2016/2017,Palmeira,PR,865,Southern,14.69,PROCY-2,1,4.69,4.5744978,2.086307401
65,2016/2017,Palmeira,PR,865,Southern,14.69,TIOF-4,1,6.88,4.5744978,1.613743061
66,2016/2017,Mauá da Serra,PR,909,Southern,11.88,AACHECK-0,1,11.88,3.3602294,0.7216878365
66,2016/2017,Mauá da Serra,PR,909,Southern,11.88,CARB+PROCY-2,1,2.81,3.3602294,2.13478141
66,2016/2017,Mauá da Serra,PR,909,Southern,11.88,DIMO+BOSC-2,1,0.63,3.3602294,1.25
66,2016/2017,Mauá da Serra,PR,909,Southern,11.88,FLUO-2,1,2.81,3.3602294,2.13478141
66,2016/2017,Mauá da Serra,PR,909,Southern,11.88,FLUZ-2,1,2.82,3.3602294,1.175650501
66,2016/2017,Mauá da Serra,PR,909,Southern,11.88,PROCY-2,1,1.88,3.3602294,1.494035762
66,2016/2017,Mauá da Serra,PR,909,Southern,11.88,TIOF-4,1,5.31,3.3602294,2.953634766
67,2017/2018,Mauá da Serra,PR,909,Southern,20.31,AACHECK-0,3,20.31,NA,2.13
67,2017/2018,Mauá da Serra,PR,909,Southern,20.31,DIMO+BOSC-2,3,0.93,NA,1.87
67,2017/2018,Mauá da Serra,PR,909,Southern,20.31,FLUO-2,3,1.25,NA,1.76
67,2017/2018,Mauá da Serra,PR,909,Southern,20.31,FLUZ-2,3,1.87,NA,1.61
67,2017/2018,Mauá da Serra,PR,909,Southern,20.31,PROCY-2,3,2.81,NA,1.19
67,2017/2018,Mauá da Serra,PR,909,Southern,20.31,TIOF-4,3,8.43,NA,5.43
68,2017/2018,Chapadão do Sul,MS,813,Northern,28.75,AACHECK-0,3,28.75,NA,11.81
68,2017/2018,Chapadão do Sul,MS,813,Northern,28.75,DIMO+BOSC-2,3,1.87,NA,1.25
68,2017/2018,Chapadão do Sul,MS,813,Northern,28.75,FLUO-2,3,4.37,NA,3.75
68,2017/2018,Chapadão do Sul,MS,813,Northern,28.75,FLUZ-2,3,3.12,NA,1.25
68,2017/2018,Chapadão do Sul,MS,813,Northern,28.75,PROCY-2,3,3.75,NA,3.22
68,2017/2018,Chapadão do Sul,MS,813,Northern,28.75,TIOF-4,3,10.62,NA,1.25
69,2017/2018,Rio Verde,GO,921,Northern,22.81,AACHECK-0,3,22.81,NA,4.71
69,2017/2018,Rio Verde,GO,921,Northern,22.81,DIMO+BOSC-2,3,0.93,NA,1.19
69,2017/2018,Rio Verde,GO,921,Northern,22.81,FLUO-2,3,0.93,NA,1.19
69,2017/2018,Rio Verde,GO,921,Northern,22.81,FLUZ-2,3,3.43,NA,2.57
69,2017/2018,Rio Verde,GO,921,Northern,22.81,PROCY-2,3,3.75,NA,1.44
69,2017/2018,Rio Verde,GO,921,Northern,22.81,TIOF-4,3,18.75,NA,2.7
70,2017/2018,Montividiu,GO,921,Northern,90,AACHECK-0,3,90,NA,12.24
70,2017/2018,Montividiu,GO,921,Northern,90,DIMO+BOSC-2,3,21.66,NA,10.62
70,2017/2018,Montividiu,GO,921,Northern,90,FLUO-2,3,39.16,NA,11.9
70,2017/2018,Montividiu,GO,921,Northern,90,FLUZ-2,3,25.41,NA,5.5
70,2017/2018,Montividiu,GO,921,Northern,90,PROCY-2,3,25,NA,9.32
70,2017/2018,Montividiu,GO,921,Northern,90,TIOF-4,3,48.75,NA,20.01
71,2017/2018,Silvânia,GO,1050,Northern,77.18,AACHECK-0,3,77.18,NA,3.28
71,2017/2018,Silvânia,GO,1050,Northern,77.18,DIMO+BOSC-2,3,19.06,NA,2.77
71,2017/2018,Silvânia,GO,1050,Northern,77.18,FLUO-2,3,25.62,NA,5.99
71,2017/2018,Silvânia,GO,1050,Northern,77.18,FLUZ-2,3,23.12,NA,3.3
71,2017/2018,Silvânia,GO,1050,Northern,77.18,PROCY-2,3,25,NA,3.06
71,2017/2018,Silvânia,GO,1050,Northern,77.18,TIOF-4,3,27.81,NA,1.19
72,2017/2018,Pitanga,PR,952,Southern,26,AACHECK-0,3,26,NA,5.41
72,2017/2018,Pitanga,PR,952,Southern,26,DIMO+BOSC-2,3,0.5,NA,1
72,2017/2018,Pitanga,PR,952,Southern,26,FLUO-2,3,1.5,NA,1
72,2017/2018,Pitanga,PR,952,Southern,26,FLUZ-2,3,1,NA,1.15
72,2017/2018,Pitanga,PR,952,Southern,26,PROCY-2,3,2.5,NA,3
72,2017/2018,Pitanga,PR,952,Southern,26,TIOF-4,3,10,NA,3.26
73,2017/2018,São Desiderio,BA,844,Northern,70.62,AACHECK-0,3,70.62,NA,6.88
73,2017/2018,São Desiderio,BA,844,Northern,70.62,DIMO+BOSC-2,3,9.68,NA,4.13
73,2017/2018,São Desiderio,BA,844,Northern,70.62,FLUO-2,3,16.56,NA,10.27
73,2017/2018,São Desiderio,BA,844,Northern,70.62,FLUZ-2,3,25.31,NA,12.26
73,2017/2018,São Desiderio,BA,844,Northern,70.62,PROCY-2,3,25,NA,10.5
73,2017/2018,São Desiderio,BA,844,Northern,70.62,TIOF-4,3,31.56,NA,4.25
74,2017/2018,São Miguel do Passa Quatro,GO,1027,Northern,66.56,AACHECK-0,3,66.56,NA,4
74,2017/2018,São Miguel do Passa Quatro,GO,1027,Northern,66.56,DIMO+BOSC-2,3,15.62,NA,3.14
74,2017/2018,São Miguel do Passa Quatro,GO,1027,Northern,66.56,FLUO-2,3,20.31,NA,3.59
74,2017/2018,São Miguel do Passa Quatro,GO,1027,Northern,66.56,FLUZ-2,3,18.12,NA,1.25
74,2017/2018,São Miguel do Passa Quatro,GO,1027,Northern,66.56,PROCY-2,3,18.75,NA,3.06
74,2017/2018,São Miguel do Passa Quatro,GO,1027,Northern,66.56,TIOF-4,3,20.31,NA,1.19
